{
    "loss": 0.6523417830467224,
    "accuracy": 0.8122792243957463,
    "precision": 0.7118644067796611,
    "recall": 0.8677685950413223,
    "specificity": 0.7769028871391076,
    "f1": 0.7821229050279329,
    "auc": 0.8596483765498712,
    "tp": 210,
    "tn": 296,
    "fp": 85,
    "fn": 32,
    "tta_steps": 1
}